filename,person_name,github,twitter,url,country,badges,gravatar,orcid_
abate_yoseph,Yoseph Abate,yosephabate,yosephchirp,,ET,2,b2095c3b1e3dd60124973d7d811bbf6d,nan
adams_james,James Adams,jladams,,,US,"2,5",36c4aaba0419cd174a080f771b3f5b57,0000-0002-0008-7877
adamski_marcin,Marcin Adamski,numicator,,,AU,"2,5",8c990e97d74fcbce0e38bcdaec158140,nan
aldazabal mensa_inigo,Inigo Aldazabal Mensa,iamc,,,ES,"2,5",7d6c01180d38f6c6d876eb52c3412e25,0000-0002-3230-3327
alfaro córdoba_marcela,Marcela Alfaro Córdoba,malfaro2,Fichulina,https://malfaro2.github.io/,CR,2,f5d44a1f6a6fad5ebf8275ad6c51c1b6,0000-0002-7703-3578
allard_tania,Tania Allard,trallard,ixek,http://www.bitsandchips.me,GB,"5,6,7",654e731433d2fbcdd92a3ed73ec745cb,nan
anghel_catalina,Catalina Anghel,canghel,cvanghel,https://canghel.github.io/,CA,"2,5",87889b772f8b2d9591134eb8110eea78,nan
ankenbrand_markus,Markus Ankenbrand,iimog,IIMOG,https://iimog.org,DE,"2,5",9e0df3fd6ebc11b67e7d388c1c681cf4,0000-0002-6620-807X
antonioletti_mario,Mario Antonioletti,marioa,marioant,,GB,"2,5",2f3aa007354cedad5f3e0f5982fc5cd2,nan
aubin_sean,Sean Aubin,Seanny123,voyageur_techno,http://compneuro.uwaterloo.ca/people/sean-aubin.html,CA,2,377054ee866280e0cea2acf7f8761fe0,nan
augustus_gaius,Gaius Augustus,gaiusjaugustus,gaiusdivifilius,https://gaiusjaugustus.com,US,5,8963fccf2b3a83a2a6bf510b9151c8ab,0000-0001-9439-0836
avery_ryan,Ryan Avery,rbavery,,http://caylor.eri.ucsb.edu/people/avery/,US,2,c57890713a7b051e47523aad4ba88fb5,nan
avestruz_camille,Camille Avestruz,cavestruz,,http://Sites.google.com/view/camilleavestruz,US,"2,5",79aaebfa9ab0f0de4ab2645af593680c,nan
bailey_alistair,Alistair Bailey,ab604,alistair604,https://ab604.netlify.com/,GB,5,9cd0a42e02566f539d2514677b2adc45,0000-0003-0023-8679
baird_daniel,Daniel Baird,DanielBaird,@danielbaird,http://danielbaird.com,AU,2,f74e6f4398a22be4db50e3c629af6640,nan
baker_james,James Baker,drjwbaker,j_w_baker,https://cradledincaricature.com/,GB,5,12851757513ee71ce6e8ed876f72b301,0000-0002-2682-6922
ballsun-stanton_brian,Brian Ballsun-Stanton,Denubis,DenubisX,https://www.fedarch.org,AU,2,4f2239049ab76bff9f84adadf1510dc3,nan
banaszkiewicz_piotr,Piotr Banaszkiewicz,pbanaszkiewicz,pbanaszkiewicz,http://piotr.banaszkiewicz.org,PL,"2,3,5",28262bbcd7e1d71284c2025a6bbf60d5,nan
barmby_pauline,Pauline Barmby,PBarmby,PBarmby,http://www.physics.uwo.ca/~pbarmby,CA,"2,5",4c9f730e61024d4dbe04e43e46fc65cb,0000-0003-2767-0090
barter_rebecca,Rebecca Barter,rlbarter,rlbarter,http://www.rebeccabarter.com,US,2,9b4260674859c8d2f4cc0e1a1b7bf2fa,0000-0001-7373-0934
bast_radovan,Radovan Bast,bast,__radovan,http://bast.fr/,NO,"2,5",705d92bc1b1d5d71eba9b704d7ea3703,nan
batut_bérénice,Bérénice Batut,bebatut,bebatut,http://bebatut.fr/,CH,2,2ae40a0c16696d86c706db50fc4af7e4,0000-0001-9852-1987
bayer_philipp,Philipp Bayer,philippbayer,philippbayer,http://philipp-bayer.net/,AU,"2,5",057cb64f9597949c864fab23a8e63224,nan
becker_erin,Erin Becker,ErinBecker,ErinSBecker,,US,"2,5,6,7",64b2244b14e72949a9d6f1e40cacef2a,0000-0002-6832-0233
berlanga-taylor_antonio,Antonio Berlanga-Taylor,AntonioJBT,,,GB,2,e7773b7f0069238d06edd2790c06c0ed,nan
bernard_joey,Joey Bernard,joeybernard,joeybernard,,CA,2,22e4053ba99d37ed16737335dee5d3e0,nan
bernholdt_david,David Bernholdt,bernhold,,,US,2,73a7155d84bdbe6e6e809af9b64c2210,0000-0001-7874-3064
black_mik,Mik Black,mikblack,,https://www.otago.ac.nz/biochemistry/people/profile/index.html?id=352,NZ,"2,5,7",2ab4dfba17f6024ab16c67ef9f7b68a4,0000-0003-1174-6054
blin_kai,Kai Blin,kblin,kaiblin,http://kblin.org,DK,2,653423f49e84376852ef49559f180533,0000-0003-3764-6051
blischak_john,John Blischak,jdblischak,jdblischak,,US,"1,2,6",9952931e69c37307ab4e1eb41dd14360,0000-0003-2634-9879
boersch-supan_philipp,Philipp Boersch-Supan,pboesu,pboesu,http://pboesu.github.io/,GB,2,d67f039275ef366fbc9da18be9ec8c29,0000-0001-6723-6833
bond_steve,Steve Bond,biologyguy,StephenRBond,http://evopix.net/garbargal/wordpress/,US,2,69a8fec9cda7771f80dc4a4684fd7303,0000-0001-5825-591X
bonsma-fisher_madeleine,Madeleine Bonsma-Fisher,mbonsma,mbonsma,http://madeleinebonsma.com,CA,2,b44b005aa04eaef7e14ef80f360a9334,0000-0002-5813-4664
bray_erik,Erik Bray,embray,,,FR,"2,5,6",c7d341e2b002754f2b21fbab3a3fd072,nan
brett_matthew,Matthew Brett,matthew-brett,,http://matthew.dynevor.org,GB,2,b4929294417e9ac44c17967baae75a36,nan
bridges_dave,Dave Bridges,davebridges,dave_bridges,http://bridgeslab.sph.umich.edu,US,2,f5e8d06e0ea6a28fd39458f0631257f2,0000-0002-5334-972X
broman_karl,Karl Broman,kbroman,kwbroman,http://kbroman.org,US,"2,5",d991e93099b194d8bf071dfecbbf8a81,0000-0002-4914-6671
brooks-kieffer_jamene,Jamene Brooks-Kieffer,jbkieffer,jbk,,US,2,7f027097d754757a9cfc29e17c061e77,0000-0001-6280-124X
brown_c. titus,C. Titus Brown,ctb,ctitusbrown,http://ivory.idyll.org/blog/,US,"2,4,5",c779b3316a2a8619f7218a4c5826be06,0000-0001-6001-2677
brunson_dana,Dana Brunson,dbrunson,danabrunson,http://hpcc.okstate.edu/,US,2,f1ac33ada9c9eb974b938ee211405194,0000-0002-9778-4213
bryk_jarek,Jarek Bryk,jarekbryk,jarekbryk,http://bryklab.net,GB,2,9ae2a6b45753ffc16d887d41b313f04e,0000-0002-2791-9709
brym_zack,Zack Brym,brymz,ZackBrym,http://trec.ifas.ufl.edu/faculty/brym,US,"2,5",6d26429b3562e696d7be8ee286bb3fd0,0000-0002-0659-2938
buffington_cortney,Cortney Buffington,n0mjs710,,,US,2,6323f0ff0311877c6f1f86da9dd4604e,nan
burns_scott,Scott Burns,sburns,scottsburns,http://sburns.org,US,2,9276306717c4c0abde5f3dc85a3a68c0,nan
cadzow_murray,Murray Cadzow,murraycadzow,murraycadzow,,NZ,"2,5,7",2f7bfa40015315711ab6e7cc39487f5a,0000-0002-2299-4136
capes_gerard,Gerard Capes,gcapes,,,GB,2,1678d2bb73ff153610aade1cda060020,nan
carr_lindsay,Lindsay Carr,lindsaycarr,LindsayRCarr,http://www.usgs.gov/staff-profiles/lindsay-r-carr,US,5,4da7a1c88b4d5b8bc1fb0a59ae274a8d,0000-0002-5799-6297
carroll_ian,Ian Carroll,itcarroll,,,US,"2,5",cfc677e9ae7f1a685044f8326e7ac4a0,0000-0002-3616-810X
cartwright_reed,Reed Cartwright,reedacartwright,MinionLab,http://cartwrig.ht/,US,2,be6006fa1828f64580f1bdb0fd3f044d,0000-0002-0837-9380
cerino_timothy,Timothy Cerino,koltrane,,,US,2,0c0b7bd24996d956ba7ebe0ff74f0ebc,nan
charbonneau_amanda,Amanda Charbonneau,ACharbonneau,procrastinomics,https://acharbonneau.github.io,US,"2,5",a75290e3b64807a620ea15e0fbd5d30b,nan
chatzidimitriou_kyriakos,Kyriakos Chatzidimitriou,kyrcha,kyrcha,http://kyrcha.info,GR,"2,5",82ac131798f5fcf25770d0df8fac0ee8,0000-0003-0715-1197
chiapello_marco,Marco Chiapello,mchiapello,marpello1980,,IT,"2,5",212cf1f439139d679b9ec4a5094cb127,nan
childress_dawn,Dawn Childress,kirschbombe,kirschbombe,http://dawnchildress.com,US,2,7d1c7a3b554a93d2d8c9ba4e24e80d28,nan
childs_stephen,Stephen Childs,sechilds,sechilds,,CA,"2,6",621285fecbceadc4b356c82d92c64bad,0000-0002-4450-4281
christensen_erica,Erica Christensen,emchristensen,emchriste,,US,"2,5",332bc87997d6c4f3bbe978af5c1acc23,0000-0002-5635-2502
christidi_ilektra,Ilektra Christidi,ilectra,ilektraCh,,GB,2,b0d8eee1400f6a27bc18d461bf91a9f7,nan
chue hong_neil,Neil Chue Hong,npch,npch,http://www.software.ac.uk/,GB,"2,3,5",5622434b2e4ac9b35977f368d20d0166,0000-0002-8876-7606
chung_kathy,Kathy Chung,chungkky,,,CA,"2,5",0af1c8d1b991fdea07654f0236a3fc71,nan
clark_robert,Robert Clark,vstarkweather,,,US,5,81ea299581da5674f2588c6bfdf905d6,nan
clark_lindsay,Lindsay Clark,lvclark,,,US,5,6dd01aad1e262a9a2ac2dac0c5c45a32,0000-0002-3881-9252
close_william,William Close,wclose,WilliamLClose,,US,2,5121ab90e72c467bdd9fa95b860e7266,0000-0001-5284-5521
collings_ruth,Ruth Collings,collingsr,collingsruth,http://ruthcollings.ca,CA,2,852241535989c6d40e7270edf839a593,nan
collins_matthew,Matthew Collins,mjcollin,,https://www.acis.ufl.edu/people/mjcollin,US,"2,5",3a4db3c2ae7109514822429debc93beb,0000-0001-6462-8639
colonna_vincenza,Vincenza Colonna,ezcn,enza_colonna,http://www.igb.cnr.it/popgenlab/people,IT,"2,5",0c7a757b713631bb860903ee90052faf,0000-0002-3966-0474
condon_bradford,Bradford Condon,bradfordcondon,bradfordcondon,http://www.bradfordcondon.com,US,2,e16bc13d401bacd35459ea6fa1103006,0000-0003-4377-9205
cooper_jonathan,Jonathan Cooper,jonc125,jonc125,http://iris.ucl.ac.uk/iris/browse/profile?upi=JCOOP83,GB,2,19795f661efd98354282d5a2e41c4d3a,0000-0001-6009-3542
cope_jez,Jez Cope,jezcope,jezcope,https://erambler.co.uk,GB,5,3a87ff9e9e92b4179de4d21c1831084e,nan
corless_john,John Corless,jdcorless,jdcorless,,US,"2,5",f3d6f85ba13b1aec4fd096a081b6e316,nan
cox_logan,Logan Cox,lo5an,lo5an,http://lo5an.com,US,"2,5",54ea018798d3c056d0e9c550e198a21c,0000-0003-1566-542X
cozzini_stefano,Stefano Cozzini,cozzini,sc4hpc,,IT,"2,4",27f02c1278fe674948af376855f04a0c,nan
cranston_karen,Karen Cranston,kcranston,kcranstn,http://kcranston.github.io/,CA,"2,5,7",43a8a86ac3bee4425a42498b3e19d641,0000-0002-4798-9499
cronje_carmi,Carmi Cronje,ccronje,@machinical,,AU,5,2c698a92d32adc2fb7cb9fff7afe7c05,0000-0003-2736-6267
crouch_stephen,Stephen Crouch,steve-crouch,,http://www.software.ac.uk/about/people/steve-crouch,GB,"1,2,5,7",e98bf1e7007dcad6fbbe1153dbe28b4d,0000-0001-8985-6814
crusoe_michael,Michael Crusoe,mr-c,biocrusoe,,LT,2,3bae2db3a293d6881f3267989bc92085,0000-0002-2961-9670
dabrowski_anna,Anna Dabrowski,Jabble,_Jabble_,http://www.ajdabrowski.net,US,5,d8603500850d62dd670ca217b2a93990,0000-0003-2577-6334
darabos_christian,Christian Darabos,cdarabos,,,US,2,e1b365558a0c4b91f8928e633f244dfe,nan
das_diya,Diya Das,diyadas,,http://diyadas.github.io,US,"2,6",19591cef6194a05ebb60d6388925585a,0000-0001-9646-8983
dasgupta_abhijit,Abhijit Dasgupta,webbedfeet,webbedfeet,,US,2,07dbae164b948a000a59c31be9279aa8,0000-0002-1388-4779
dashnow_harriet,Harriet Dashnow,hdashnow,hdashnow,http://www.harrietdashnow.com,AU,"2,5,6",7be75a082da8b02c58ee464e8dbdd269,0000-0001-8433-6270
daskalova_gergana,Gergana Daskalova,gndaskalova,gndaskalova,https://gndaskalova.com,GB,5,b85cf46213b512a4aa04a3bb6abc3da6,0000-0002-5674-5322
davenport_emily,Emily Davenport,erdavenport,emo_davenport,http://erdavenport.github.io/,DE,"2,5",6f15ddb1e79617150df55c74e836cd63,0000-0002-6938-4933
davis_neal,Neal Davis,davis68,,,US,"2,5,7",0a4244c0358fac9c92461b6efed02caf,0000-0002-1131-8319
davison_andrew,Andrew Davison,apdavison,apdavison,http://andrewdavison.info,FR,2,827b96aa07d6c9662ec389018a26305a,0000-0002-4793-7541
davison_stephen,Stephen Davison,nosivads,,,US,2,e3a2c36eb7c20b0461da09c001b410c3,0000-0003-0102-8200
de la rosa_javier,Javier de la Rosa,versae,,,US,2,9f1da7fafed4ad9fe6dd5c27db644f52,nan
de sancho_david,David De Sancho,daviddesancho,daviddesancho,https://sites.google.com/view/daviddesanchoresearch,ES,5,48544877dbb68f02b57d6f866988bd11,0000-0002-8985-2685
deer_lachlan,Lachlan Deer,lachlandeer,lachlandeer,http://lachlandeer.github.io,CH,"2,5,6",be0e1f59d26d5840e72726d43dc5e636,nan
dennis_tim,Tim Dennis,jt14den,jt14den,https://tim-dennis.com,US,"2,7",a864a332d69dd56637d31617ecf870ff,0000-0001-6632-3812
derose_catherine,Catherine DeRose,cderose,catderose,http://catherinederose.com,US,2,f48729c20342d10d1e60b11a3320a7bb,nan
devenyi_gabriel,Gabriel Devenyi,gdevenyi,staticwave_ace,http://staticwave.ca,CA,"2,6",2e3666ceb61ff2da38fd956f8bae040d,0000-0002-7766-1187
dickson_ross,Ross Dickson,rmdickson,,http://www.ace-net.ca/wiki/Ross_Dickson,CA,"2,4,5",e742334aed7ddccdd5d26eb9d4070f30,nan
diong_joanna,Joanna Diong,joannadiong,joannadiong,https://scholar.google.com.au/citations?user=Si0fhlYAAAAJ,AU,2,a57a9150c1f43d404ab8ec8419f33d23,nan
doehle_phillip,Phillip Doehle,pdoehle,,,US,2,0f5401a7b3716bc2fdcececac6781895,nan
dolson_emily,Emily Dolson,emilydolson,emilyldolson,http://www.EmilyLDolson.com,US,"2,5",4937f48ce61f4f39160453d38fd76df9,0000-0001-8616-4898
donatello_robin,Robin Donatello,norcalbiostat,norcalbiostat,http://www.norcalbiostat.com,US,2,806a7d7b759e9953d69890756f6ea42c,0000-0001-8487-5995
duckles_jonah,Jonah Duckles,jduckles,jduckles,http://jduck.net,NZ,"2,4,5,7",6023bf107c54f420562f4ef07a932fbb,0000-0002-8985-3119
duffy_meghan,Meghan Duffy,duffymeg,duffy_ma,https://duffylab.wordpress.com/,US,"2,5",f96410aed432ccc087f6eb471e0b4a55,nan
eiros zamora_juan,Juan Eiros Zamora,jeiros,JnEsZ,https://jeiros.github.io/,GB,2,a4e760edb9651c1c6bf155fe385ba8fc,0000-0002-2754-2550
endsley_arthur,Arthur Endsley,arthur-e,ArthurEnd,http://karthur.org/,US,"2,5",2cd608f85930dcf625da9be8525bb2d6,nan
engel_claudia,Claudia Engel,cengel,ceng_l,,US,5,4447549d60dd88275e4e993c1a3e133e,0000-0002-5234-3924
erdmann_christopher,Christopher Erdmann,libcce,libcce,,US,5,0f78eb103aa90992b653273961c4a046,0000-0003-2554-180X
eyers_david,David Eyers,dme26,Dave_Eyers,http://www.cs.otago.ac.nz/staffpriv/dme/,NZ,"2,5",ee7d275fe3b35a8dd5dc49dd22dcdd3f,nan
falster_daniel,Daniel Falster,dfalster,adaptive_plant,http://danielfalster.com,AU,"2,5",7050b701afd376f51b34be2e1c8df10b,0002-9814-092X
fernandes_filipe,Filipe Fernandes,ocefpaf,ocefpaf,http://ocefpaf.github.io/python4oceanographers/,BR,"2,5",f7d6632ee721f2d033a9b5a533b2e357,nan
flight_robert,Robert Flight,rmflight,rmflight,https://rmflight.github.io,US,2,c2e1ffee2844c19003f2bdfd91d469d2,0000-0001-8141-7788
fonnesbeck_christopher,Christopher Fonnesbeck,fonnesbeck,fonnesbeck,http://stronginference.com,US,2,b9ac79232e794df7c8e63e5e0df2fc26,0000-0002-7107-140X
fontenelle_hugues,Hugues Fontenelle,huguesfontenelle,hugues_f,,NO,2,df5b84545e38edaf45c178cfc0576d19,nan
foos_marianna,Marianna Foos,mfoos,mariannafoos,,US,5,3e6a4391087e4de5fff99a06ed638dfa,0000-0001-5275-4566
fortunato_laura,Laura Fortunato,laurafortunato,anthrolog,http://www.santafe.edu/~fortunato,GB,"2,5",b61db3e80a62cb4f0aca95aa5d6f4ec2,0000-0001-8546-9497
fouilloux_anne,Anne Fouilloux,annefou,AnneFouilloux,https://no.linkedin.com/in/annefouilloux,NO,"2,5,6,7",dc73dcf9e08a81ae51bdd5827dc2e66a,0000-0002-1784-2920
fraser_andy,Andy Fraser,fraserphysics,,http://fraserphysics.com,US,2,0620eb60c2444b0876c225454e3f6ddc,0000-0003-3065-3128
frassl_marieke,Marieke Frassl,mafrassl,m_frassl,,AU,2,797f1722ba1845da6c5075b9be59588e,0000-0001-8843-8477
fucile_geoffrey,Geoffrey Fucile,gfucile,,,CH,"2,5",66639e72aa2389b8440d78a32102fa28,nan
fung_juan,Juan Fung,juanfung,,,US,"2,6",71060bb3e0bd2f16e5e03adbae2b2d50,nan
furnass_will,Will Furnass,willfurnass,willfurnass,http://learningpatterns.me,GB,2,aa1e6549a86e8f2d731110a4c504b851,nan
förstner_konrad,Konrad Förstner,konrad,konrad.foerstner,http://konrad.foerstner.org/,DE,"2,5",e00d7a8d27c399a1a688c3ab2c0e5b62,0000-0002-1481-2996
gaba_yaé ulrich gaba,Yaé Ulrich Gaba Gaba,gabayae,,,BJ,"2,5",f29d1e5a8ed964d117c40359f1886b1c,0000-0001-8128-9704
gacenga_francis,Francis Gacenga,fgacenga,fgacenga,https://au.linkedin.com/pub/francis-gacenga/20/951/552,AU,2,19213b2646912099ac04d5779cefed6c,0000-0003-3021-1012
gates_jason,Jason Gates,jmgate,,,US,2,fc84b697b6bce43d51bbe13d3269f7b8,nan
gatto_laurent,Laurent Gatto,lgatto,lgatt0,http://lgatto.github.io/,GB,"2,5",a4b4ee372698835e4bc99273cc9bf864,0000-0002-1520-2268
geiger_stuart,Stuart Geiger,staeiou,staeiou,http://stuartgeiger.com,US,2,cdd375acdba874a7d8f5eeb5b0da6f36,0000-0001-7215-0532
geissinger_emilie,Emilie Geissinger,eageissinger,emiliegeiss,,CA,2,9c8e2f1b305108af6f52a576fb9c3142,nan
george_akima,Akima George,ASGeorge,,,US,"2,5",b63a5c9471993893de349d21854e610e,nan
gibling_heather,Heather Gibling,hgibling,hgibling,,CA,"2,5",3154bac42e871a87d635880fc897d2b4,nan
goldman_julie,Julie Goldman,goldmj,jgolds2,https://scholar.harvard.edu/julie_goldman,US,5,f6163d0b973a797f1afd7d40612a9927,0000-0001-8037-0623
gonzalez_ivan,Ivan Gonzalez,iglpdc,iglpdc,,US,"2,5,6",31e7f6cc9749faddf79e1c63f8dbd0e9,0000-0002-6451-6909
gosset_john,John Gosset,qjcg,jgosset_,,CA,"2,5,6",70ea7fab5066c1bd7d854ad063cc32f9,nan
gourlé_hadrien,Hadrien Gourlé,HadrienG,HGourle,http://hadriengourle.com,SE,5,b253bcfd0d779b7688d1b0e1994b678d,0000-0001-9807-1082
grenié_matthias,Matthias Grenié,Rekyt,,,FR,5,a40fed455228b2094da34eaf2880b811,0000-0002-4659-7522
grolimund_raphaël,Raphaël Grolimund,grolimur,grolimur,,CH,2,731b224233f6de63a40869ac4d4224f9,0000-0002-8047-9888
guest_ella,Ella Guest,ellamguest,ellamguest,http://ellaguet.com,GB,5,b5c72a443e0a536a6dc0677e6f72effb,0000-0001-8940-2871
guignard_thomas,Thomas Guignard,timtomch,timtomch,http://timtom.ch,CA,"2,5",103d173e997c0244050a5dca3a163bdc,0000-0003-2307-4590
guillou_stéphane,Stéphane Guillou,stragu,,https://stragu.github.io/,AU,2,c41ce19ef59a53ca799df3185223d735,0000-0001-8992-0951
gupta_chitrak,Chitrak Gupta,chitrakgupta,,,US,2,95bc38538a793986487b165fc78a4f1c,nan
guruacharya_anuj,Anuj Guruacharya,anuj2054,,http://anuj2054.com,US,2,2eee19777c50fc45b5f182f472931271,nan
gustavsen_julia,Julia Gustavsen,jooolia,JuliaGustavsen,http://www.juliagustavsen.com,CH,"2,5",ad33322135459b4a6826a6743f4380ed,0000-0002-4764-4802
hadwin_jamie,Jamie Hadwin,jhadwinOSU,,,US,2,dd1ebaa097df8449f3b95e913e2d0bd1,nan
haine_denis,Denis Haine,dhaine,denishaine,http://www.denishaine.ca,CA,"2,5,6",693bda916e6cb9f874e67cc9b42657f0,0000-0002-6691-7335
hannon_eilis,Eilis Hannon,ejh243,eilis_hannon,,GB,"2,5",76e53f5d4be7bd8d1d191ff3199572ad,0000-0001-6840-072X
harihareswara_sumana,Sumana Harihareswara,brainwane,brainwane,https://www.changeset.nyc,US,"2,5",342e4889fd14e21376a870e9d9ffc5d9,nan
harris_rayna,Rayna Harris,raynamharris,raynamharris,http://raynamharris@github.io,US,"2,5,6,7",d49e713453a540b7fd63d7535ea6020a,0000-0002-7943-5650
hasan_ahmed,Ahmed Hasan,aays,microbialwalrus,http://aays.github.io,CA,5,c7f9f1e925ad1736c535c99167fc70f2,0000-0003-0002-8399
haughton_ned,ned haughton,naught101,naught101,http://www.nedhaughton.com,AU,2,6f376cd808de9bbc225fe33638d0ddc4,0000-0003-4392-8215
hawken_shawn,Shawn Hawken,swhitefi,5hawnsolo,,US,2,3828f9236121e611ff5b99d5669d1bcb,0000-0002-3274-9230
hejazi_nima,Nima Hejazi,nhejazi,nshejazi,https://nimahejazi.org,US,"2,6",79c8c2a563ef26f08c78a6079ff26076,0000-0002-7127-2789
held_fabian,Fabian Held,fpheld,fpheld,,AU,"2,5",c182fe4e99658d0a053f2cfc261cf6eb,0000-0002-5260-5576
henry_mike,Mike Henry,mikemhenry,,https://henrymike.com/,US,2,7363d9158b6e2dc28bd1d421213ff060,0000-0002-3870-9993
herr_joshua,Joshua Herr,jrherr,number_three,http://joshuaherr.com,US,"2,5,6",d937a5be29d0c271b8b12fdd7731583d,0000-0003-3425-292X
hetherington_james,James Hetherington,jamespjh,jamespjh,http://development.rc.ucl.ac.uk,GB,"2,4,5",78c9cf62980cc5a0895a234e202836ef,0000-0001-6993-0319
hidding_johan,Johan Hidding,jhidding,,,NL,2,20ca597f31ea943c06adbccca19902e8,nan
hinsen_konrad,Konrad Hinsen,khinsen,khinsen,http://dirac.cnrs-orleans.fr/~hinsen/,FR,2,f3b992caa0aa4e8a034846baf5001b3c,0000-0003-0330-9428
hodge_amy,Amy Hodge,amyehodge,,,US,"2,5,7",9291ff85a82436ebbfd898c6e518e68e,0000-0002-5902-3077
hodges_toby,Toby Hodges,tobyhodges,tbyhdgs,,DE,"2,7",34cb651706ee53b859f610d2d7a9575a,0000-0003-1766-456X
hollister_jeff,Jeff Hollister,jhollist,jhollist,http://jwhollister.com,US,"2,5",65c2b16f32e9daa1b7540eab857ad3c7,nan
howe_adina,Adina Howe,adina,teeniedeenie,http://germslab.org,US,"2,5",07a1eb6906652e40037ac4ce6a3350d5,nan
hoyt_peter,Peter Hoyt,hoytpr,@peterrhoyt,,US,"2,6",4fd09bcaec34b3869e063cf4333e0732,nan
huff_kathryn,Kathryn Huff,katyhuff,katyhuff,http://kdhuff.npre.illinois.edu,US,"1,2,4,5,6",95edf87e1bee6782e38f18d6813cc74e,0000-0002-7075-6802
hurt_sheraaron,SherAaron Hurt,SherAaron,,,US,7,ec3f605880340fc02aa640df6bbb1c26,nan
ing-simmons_liz,Liz Ing-Simmons,liz-is,liz__is,,DE,2,33faabca16130f66da182322147c410a,0000-0002-0394-2429
irving_damien,Damien Irving,DamienIrving,DrClimate,http://www.drclimate.wordpress.com,AU,"2,5",61ebbb91dfade94095c87d16dbcffdbc,0000-0003-1258-5002
ivanov_paul,Paul Ivanov,ivanov,ivanov,http://pirsquared.org,US,2,ceba6ba039153c053d716e4625e3ba7f,nan
james_seb,Seb James,sebjameswml,sebjames,http://about.me/seb.james,GB,2,7ed507fffa816a086a8f0ee88cf3fe4e,nan
jankowski_eric,Eric Jankowski,erjank,,,US,2,6e935d028d9fade65fb6471ccd23b405,0000-0002-3267-1410
janouchova_petra,Petra Janouchova,petrajanouchova,@pettulda,https://osf.io/fjnw5/,AU,2,603cec82fa3b64a7c2fc7c009312c66f,0000-0002-6349-0540
jennings_david,David Jennings,jenningsdt,,,US,2,ff822cd1aa23582abf3ceddd2d7f0c94,0000-0003-0520-6983
johnston_luke,Luke Johnston,lwjohnst86,lwjohnst,http://cv.lukewjohnston.com,DK,"2,5",5380e441ced47452a46f6707f15a7362,0000-0003-4169-2616
jones_david,David Jones,drj11,drjtwit,https://drj11.wordpress.com/,GB,2,b6693863b58602fde16a246d33f4f1d7,nan
jones_nick,Nick Jones,ndjones,nickdjones,,NZ,"2,5",f3b74e2824ed4a5c29bf77d01b6aa3b4,0000-0001-5513-8312
jordan_kari,Kari Jordan,kariljordan,drkariljordan,http://www.kariljordan.com,US,"5,7",d3372291d6359113cc348e18a064fbbf,0000-0003-4121-2432
joyce_blake,Blake Joyce,bjoyce3,,,US,"2,5",57674f3b8bb0d48a57aa0e6954bbb370,0000-0002-4784-2251
junghans_christoph,Christoph Junghans,junghans,,http://www.compphys.de/,US,2,702392ca6b0ec2f983e974dbe872ae2e,0000-0003-0925-1458
juvan_peter,Peter Juvan,peterjuv,peter.juvan@gmail.com,,SI,"2,5",4fd34ab5c15143e8a2972e0c896b3642,0000-0003-2873-5247
jędrzejewski-szmek_zbigniew,Zbigniew Jędrzejewski-Szmek,keszybz,,https://fedoraproject.org/wiki/User:Zbyszek,PL,"2,5",f50876dc489df65c750c9fa32f9dd33e,nan
kane_danielle,Danielle Kane,dakane1,,,US,2,8da5090342d04dc538429c406b65bfca,0000-0002-4086-0203
kazmi_saira,Saira Kazmi,rizkaz,,https://www.linkedin.com/in/sairakazmi/,US,"2,5",394b847019ff7ed4638649b3a657ae0c,nan
keane_jonathan,Jonathan Keane,jonkeane,jonkeane,http://jonkeane.com,US,"2,5",d18800a80160d435a19635aa0499194f,nan
keighley_tim,Tim Keighley,TimKeighley,Tim_Keighley,,AU,2,9bee0d253266d43bf43572843c7c9229,0000-0001-9375-153X
kelly_tom,Tom Kelly,TomKellyGenetics,tomkXY,,JP,"2,5",447e1774c47e84abbb006ac443d8c86e,0000-0003-3904-6690
kerchner_daniel,Daniel Kerchner,kerchner,DanKerchner,,US,5,4f5376b308f73e60d8770190ff3a3d52,0000-0002-5921-2193
kitzes_justin,Justin Kitzes,jkitzes,,http://www.kitzeslab.org,US,"2,5",ae6d073a29b8ecc0a86946f21886500f,0000-0001-7839-3594
ko_lauren,Lauren Ko,ldko,,,US,2,e25cf1ef6e2067ed383be96deac2de8d,nan
koenig_steven,Steven Koenig,stevenkoenig,,,DE,"2,5",3b32d69c57739ad780b9351f7c6f5027,nan
konovalov_alexander,Alexander Konovalov,alex-konovalov,,https://alexk.host.cs.st-andrews.ac.uk,GB,"2,5,7",2dc5c705559d065b1dd850d0c43bc09e,0000-0001-5299-3292
koziar_katherine,Katherine Koziar,kekoziar,kekoziar,,US,"2,6",f651f5d53a66cd1440a40d34cc88c6c2,nan
kwakwa_kwasi,Kwasi Kwakwa,kkwakwa,Olu_GH,,GB,"2,5,7",f20c53494ba0c8fc0b270c8386b1ed97,nan
labou_stephanie,Stephanie Labou,stephlabou,stephlabou,,US,"2,5",505f354ab443f413ab64ced8c0d09095,nan
lake_sherry,Sherry Lake,shlake,shlakeuva,,US,"2,5",a73205343330783f7773b6839dc50d68,0000-0002-5660-2970
lampert_dave,Dave Lampert,djlampert,,,US,2,0d1c84d926fb978d533baed9f0a8b5f6,0000-0001-7357-1873
lant_jeremiah,Jeremiah Lant,jlant,@jeremiahlant,,US,"2,5",38eae1abd5ecc2b7c6b96ac019629657,0000-0001-6688-4820
lasseigne_brittany,Brittany Lasseigne,blasseigne,bnlasse,http://www.lasseigne.org,US,5,511acfd74aaa518d71aabcb0e82790a8,0000-0002-1642-8904
laster_shari,Shari Laster,sharilaster,rhonabwy,,US,2,19bcf52714a7365e61cfa29bb598c4bf,0000-0001-9099-1474
lauterbur_elise,Elise Lauterbur,lauterbur,evolauterbur,http://lauterbur.weebly.com,US,2,4889d7e55d7072fb226b6b3572acc3fb,nan
lawson_james,James Lawson,jamesrlawson,,https://jamesrlawson.netlify.com,AU,2,2b1c56de5a7920e4a32f79381605240e,nan
leak_steve,Steve Leak,sleak-lbl,,,US,2,5f13d461f76cbe9ceb0992b0b281d212,nan
lee_ian,Ian Lee,IanLee1521,IanLee1521,https://ianlee1521.github.io,US,2,05b1cc4cc68d640ba97f2a7942acbe73,0000-0001-6952-2585
lee_kristin,Kristin Lee,kristindawn,@KristyDawnL,,US,2,4f9d996674498a9dcb10723db1df2929,0000-0003-4906-1800
leligdon_lora,Lora Leligdon,leligdon,,,US,2,65c7fbeefca7edece13b4363d05d390d,0000-0003-3540-5764
lenis_vasileios panagiotis,Vasileios Panagiotis Lenis,vasilislenis,_alanturing,,US,2,e2eb210f8df37d38a350b701548c3bb1,0000-0002-5001-5783
levernier_jacob,Jacob Levernier,publicus,,https://adunumdatum.org/,US,"2,5",753f1282134ce1540d994f0275c47ca5,0000-0003-1563-7314
li_peter,Peter Li,pli888,GigaSciPeter,,HK,2,be43054c489f03827f3806e914714827,0000-0001-9602-9550
li_ye,Ye Li,YeLibrarian,YeLibrarian,,US,"2,5",b5f7c8ca2411f8c43f40234298ab88f5,0000-0001-8361-6916
lim_marisa,Marisa Lim,marisalim,,http://marisalim.weebly.com/,US,2,0e00b97f2bbae13ae29755828f254f8f,nan
lin_johnny,Johnny Lin,jwblin,jwblin,http://www.johnny-lin.com,US,"2,5",42d47006d0512d0f260c2c7eeacde3e0,nan
liu_gang,Gang Liu,LiuGangKingston,,https://www.linkedin.com/in/liuganglinkedin,CA,"2,5",f747dee08e30ade1c4a37d1d7edf37f7,nan
lonnen_.,. Lonnen,lonnen,lonnen,http://xor.lonnen.com/,US,2,eacdc51b204402c2bc7998f1caf05a6a,nan
lonsdale_andrew,Andrew Lonsdale,lonsbio,lonsbio,http://lonsbio.com.au,AU,"2,5",32eac8bd4629b636cb2f7eb1adfc1e30,0000-0002-0292-2880
lowndes_julia,Julia Lowndes,jules32,juliesquid,http://jules32.github.io,US,2,3fc93ee41aaba17f95e69a1841be6b6d,0000-0003-1682-3872
madin_joshua,Joshua Madin,jmadin,jmadin,http://jmadinlab.org,US,"2,4",449148752759cfee07d20bb639dd8f6f,nan
martinez villegas_paula,Paula Martinez Villegas,orchid00,orchid00,,BE,"2,5,6,7",02b60d9361904bc7a0bfe68819d4a697,0000-0002-8990-1985
martinez-murcia_francisco,Francisco Martinez-Murcia,pakitochus,pakitochus,http://wpd.ugr.es/~fjesusmartinez,ES,2,c67087f0a899e6fa127b2f814283bb24,0000-0001-8146-7056
martinez-ortiz_carlos,Carlos Martinez-Ortiz,c-martinez,,,NL,"2,5",f539e36d6e4da5cc60a6a53ad0ee828c,nan
martínez cuesta_sergio,Sergio Martínez Cuesta,semacu,,,GB,5,d9d21303c7bf04845b774e4f20d2ccd0,0000-0001-9806-2805
marwaha_kunal,Kunal Marwaha,marwahaha,kmarwahaha,http://kunalmarwaha.com/,US,"2,5",383779c14733d1c7759b75fd77c9a645,0000-0001-9084-6971
matienzo_mark,Mark Matienzo,anarchivist,anarchivist,http://matienzo.org/,US,5,67e472a4df1144b072528619565bf9d2,0000-0003-3270-1306
mawdsley_david,David Mawdsley,mawds,davemawdsley,,GB,"2,6",0becc7071eab02895a88220f9ca4dd57,nan
mccann_patrick,Patrick McCann,pgmccann,paddymcc,,GB,2,a2a49c30d6268b74d7a08815c98f4b36,0000-0002-9324-2775
mcclatchy_sue,Sue McClatchy,smcclatchy,suemcclatchy,,US,"2,5,6,7",353090bef77e9897c0c2e263ca80925a,0000-0003-3219-2177
mccloy_daniel,Daniel McCloy,drammock,,http://dan.mccloy.info,US,2,d3b949d59b1146d445849f619b9884bd,0000-0002-7572-3241
mcclung_bill,Bill McClung,cfgauss,,http://bill-mcclung.org,US,2,15bd3853fa89ea70d2f00c9c7e48c25b,nan
mcdonald_gordon,Gordon McDonald,gdmcdonald,DrGordonMcD,http://gordonmcd.com,AU,2,1cf37e9da30e248b0fb2868c3d4d541e,0000-0002-2890-527X
mcgaughey_david,David McGaughey,davemcg,david_mcgaughey,http://davemcg.github.io,US,2,b7a3565e0a0ea711d81f0529365d3940,nan
mcgoveran_catherine,Catherine McGoveran,kittmcg,kittmcg,,CA,"2,5",762d1c38d33501ff863af7aa208e8f4f,nan
mclean_cameron,Cameron McLean,cameronmclean,@cammerschooner,http://cameronmclean.github.io/,NZ,"2,5",943fbee333b827e9331f39bee4109273,0000-0002-9836-3824
mctavish_emily jane,Emily Jane McTavish,snacktavish,snacktavish,https://mctavishlab.github.io,US,"2,5",668c3fa5620327e6f00f63d53d692bd3,nan
melamed_anat,Anat Melamed,anatmela,,,GB,5,026007405d7063c0c363a1036cd72c47,nan
metz_jeremy,Jeremy Metz,jmetz,metzjp,,GB,2,4c794978de2f7a314b349f68bf0aad91,nan
michonneau_françois,François Michonneau,fmichonneau,fmic_,http://francoismichonneau.net,US,"2,5,6,7",c6be8ac1662bc7aacd03c5d1a9d6575f,0000-0002-9092-966X
miller_jeffrey,Jeffrey Miller,jthmiller,JMiller_Evomics,http://jthmiller.github.io/,US,5,fbce3aa732e011276377068dd0db1b87,0000-0003-2326-1855
minotto_alice,Alice Minotto,aliceminotto,rosysnake,,GB,2,066374993ea541c43bf53bdb1c11b6e5,0000-0002-1670-1675
miotto_amanda,Amanda Miotto,amandamiotto,amandamiottoGU,,AU,"2,5",6bb63c08da6054ac01daceec267f4f56,nan
mishra_satya,Satya Mishra,snmishra,,,US,2,4b42a7c8fb660603ec0292405eedbca9,nan
moore_timothy,Timothy Moore,tem11010,TimothyEMoore,http://timothyemoore.com,US,2,b5f7e0557377174bf4f7b9413fb1f9fd,0000-0002-9576-0517
moore_katie,Katie Moore,kdottiemo,,,US,2,3b028438178a6cff76183e04929f3e64,nan
morley_alexander,Alexander Morley,alexmorley,alex__morley,http://alexmorley.me,GB,2,c540abcb37c00d84836d46997087b4ed,nan
morrell_thomas,Thomas Morrell,tmorrell,temorrell,,US,"2,5",667501c54487f066fb9beed64a3a1f10,0000-0001-9266-5146
mount_sarah,Sarah Mount,snim2,snim2,http://snim2.org,GB,2,8fd5badb01bbc9389476e9394ab6607e,nan
moyers_brook,Brook Moyers,btmoyers,brooklebee,http://www.brookmoyers.com,US,"2,5",35b66ac4fd8657f58d48e286e17fe6e0,0000-0003-0340-9488
mudrak_erika,Erika Mudrak,emudrak,ErikaMudrak,,US,"2,5",323e656d345d32ab58806046164ace07,nan
muller_tomas,Tomas Muller,temuller,,,GB,2,d0c41a70de170d5b2d43913d8adc965e,0000-0003-3939-7167
mędrela_christopher,Christopher Mędrela,chrismedrela,,,PL,"2,5",c4a3648cb15e6fc23e6a46adb1b2bae0,nan
nanda_pariksheet,Pariksheet Nanda,omsai,libomsai,,US,"2,5",0b24e1fd85fdbf2e4effe8ceac417a3c,0000-0001-9726-4552
nederbragt_lex,Lex Nederbragt,lexnederbragt,lexnederbragt,http://flxlex.flavors.me/,NO,"2,4,5,6,7",e26091781672619da8899b745044f00f,0000-0001-5539-0999
neeb_moritz,Moritz Neeb,zormit,zormit,,DE,"2,5",c9dce2328b7188f3772ba0024214a022,nan
nelson_ethan,Ethan Nelson,ethan-nelson,,,US,2,efc767b77d7c0909a6ab198f423df324,0000-0002-2354-0945
nenadic_aleksandra,Aleksandra Nenadic,anenadic,,http://orcid.org/0000-0002-2269-3894,GB,"2,5,7",9a87b53ab6dd04ebf94d7292ec718fe9,0000-0002-2269-3894
nielbo_kristoffer,Kristoffer Nielbo,digitaltxtlab,nielbo23,https://knielbo.github.io//,DK,2,b21c47eb38b8ba5de3154be929c5efc5,0000-0002-5116-5070
niemeyer_kyle,Kyle Niemeyer,kyleniemeyer,kyleniemeyer,https://niemeyer-research-group.github.io,US,2,0c1584b76d36190b9424ef5b881cbebd,0000-0003-4425-7097
norris_timothy,Timothy Norris,tibbben,tibbenor,http://nawimaps.com/,US,2,f722db899c3b68c49606603338e4b4e2,0000-0002-0898-3027
nunez-iglesias_juan,Juan Nunez-Iglesias,jni,jnuneziglesias,http://ilovesymposia.com,AU,"2,5",f246a75a3ed39b6b92079ae0fa9e5852,nan
o'cais_alan,Alan O'Cais,ocaisa,,,ES,2,411d959b31c2ae5267d59ebd3eca5415,nan
o'donnell_jimmy,Jimmy O'Donnell,jimmyodonnell,papuanewjimmy,https://jimmyodonnell.github.io/,US,2,a91e5a05dbcf294c6ff24ecf41c19e61,nan
o'grady_tina,Tina O'Grady,tmogrady,,,BE,2,df445068bc45068200695b82c2da2ea2,0000-0002-1283-0293
oliver_jeffrey,Jeffrey Oliver,jcoliver,jcoliverAZ,,US,"2,6,7",fcdddfe53c7e54640c9b17b0844e63f7,0000-0003-2160-1086
orten_arnstein,Arnstein Orten,arnsteio,,,NO,2,7e8e6a507826bd78cced4f7fc90213dc,nan
ottoboni_kellie,Kellie Ottoboni,kellieotto,kellieotto,http://www.kellieottoboni.com,US,2,af037bb988a4bf5a48ed5b9f3cd72226,0000-0002-9107-3402
oziolor_elias,Elias Oziolor,eoziolor,eliasoziolor,http://oziolor.wordpress.com,US,5,953def81ab4a7ad3df2e28f4c93cde7c,nan
painter_zac,Zac Painter,zpainter,,,US,5,6591a435bfafcdc9998fe4b1fdb8830f,0000-0002-4588-7843
palm_francisco,Francisco Palm,map0logo,mapologo,http://map0logo.github.io,VE,"2,5",7bbdf7e75f91b6b1c36f89c106baf71f,0000-0002-1293-0868
paul_deborah,Deborah Paul,debpaul,idbdeb,,US,"2,5,6",28bf4a63ea7c6578f761dcb9b174724d,0000-0003-2639-7520
paulo_martin,Martin Paulo,MartinPaulo,Martin_Paulo,http://martin-paulo.blogspot.com.au/,AU,2,dea66c0b3f12a047cb183559a175f3b3,nan
peek_ryan,Ryan Peek,ryanpeek,riverpeek,http://ryanpeek.github.io,US,"2,5",f322078e2c5377297008d14641b536f4,0000-0002-9577-6885
pell_jason,Jason Pell,jasonpell,jasonpell,,US,"2,5",24006b9fe14b1848435cea1903b443ad,nan
pereira_tiago,Tiago Pereira,tiagopereira,,https://folk.uio.no/tiago,NO,2,6425cbb964b1ce360f6917200cef09b7,0000-0003-4747-4329
perez-suarez_david,David Perez-Suarez,dpshelio,dvdgc13,http://dpshelio.github.io,GB,"2,5,7",9fd51c8d2ac8533f9f65b76f57448088,0000-0003-0784-6909
peterson_bianca,Bianca Peterson,BinxiePeterson,BinxiePeterson,,ZA,"2,5",2ab1c1876bd68d00f26ae7aaf37e7b72,0000-0001-6927-9159
peterson_scott,Scott Peterson,scottcpeterson,scottcpeterson2,,US,2,8087ec15fd2a2a3c8fb8995b549ba9fc,nan
petralia_alex,Alex Petralia,alexpetralia,,http://www.alexpetralia.com,PL,5,be612bee93053a58f3d3af22a4b18caa,nan
pham_vinh,Vinh Pham,donalbonny,,,US,5,8b2ffb53875bb01ec747e6420903c318,0000-0001-6802-5827
pitchers_will,Will Pitchers,willpitchers,,,AU,"2,5,6",ab9398461103c4f6fc3d08e01599214b,0000-0003-0385-5939
podhajsky_simon,Simon Podhajsky,shippy,sim_pod,http://simon.podhajsky.net,US,2,87be805c8a3dae54cd24dd4f2df6b768,nan
poterlowicz_krzysztof,Krzysztof Poterlowicz,kpoterlowicz,bioinfbrad,https://tinyurl.com/ydxo3uef,GB,5,50a532c0d2d229a6b4ef7d56c8512556,0000-0001-6173-5674
potterbusch_megan,Megan Potterbusch,librarpotter,librarpotter,,US,2,b792461be20b1679c832037dbdf58e0f,0000-0001-8518-5259
poulton_kylie,Kylie Poulton,kip1five,@kylie_poulton,,AU,5,4331f71c72de02dea7b871fd27867733,0000-0002-5991-7951
pritchard_leighton,Leighton Pritchard,widdowquinn,widdowquinn,,GB,"2,5",e322672eb19e9ce206d837752c16f317,nan
profiti_giuseppe,Giuseppe Profiti,profgiuseppe,GProfiti,https://sites.google.com/site/peppeprofiti,IT,2,b7014aa2f10b946fe8f148abc9c27170,0000-0001-6067-6174
psomopoulos_fotis,Fotis Psomopoulos,fpsom,fopsom,http://fotis.ee.auth.gr,GR,"2,5,6,7",9e588500b1ced6b0b4c0adb44a588c33,0000-0002-0222-4273
pue_sean,Sean Pue,seanpue,seanpue,http://seanpue.com,US,"2,5",95aadd649f039e8a206eb482f0e9f7c8,nan
pugachev_sarah,Sarah Pugachev,sclayton29,sclayton29,,US,2,f130aeac5781cbb388392392cca565b6,0000-0003-2672-208X
quan_josh,Josh Quan,wrathofquan,ucdatalab,,US,5,2c5cacf341d1ff6f9061a51338a6b438,nan
rafter_craig,Craig Rafter,cbrafter,cbrafter,,GB,2,a418cb428de33a809611fa27929bf0d3,0000-0003-3411-114X
rajeg_gede,Gede Rajeg,gederajeg,PrimahadiWijaya,https://figshare.com/authors/Gede_Primahadi_Wijaya_Rajeg/1234749,ID,5,c8dc8c92858bef97eda6d0397ecbc353,0000-0002-2047-8621
rampin_rémi,Rémi Rampin,remram44,remram44,https://remirampin.com/,US,"5,6",645d55fac31440e2cd1bc6432690199f,0000-0002-0524-2282
ranjard_louis,Louis Ranjard,LouisRanjard,Louis_Ranjard,,AU,2,7536ef8600bfb2dea31b7c12709c15b6,0000-0002-7622-4823
razoumov_alex,Alex Razoumov,razoumov,none,,CA,"2,5",ba6fc4c5b861f76c68a86c4d120dece9,nan
reiter_taylor,Taylor Reiter,taylorreiter,,http://taylorreiter.github.io,US,"2,5",611cfeca8a7e59dde3e0959834750e38,0000-0002-7388-421X
ribaric_tim,Tim Ribaric,elibtronic,elibtronic,http://elibtronic.ca,CA,2,30cbcdb950d02569d97cc3ad696db5ab,0000-0001-9229-8569
richards_tyler,Tyler Richards,tylerjrichards,tylerjrichards,http://www.tylerjrichards.com/,US,5,1476fd47411146c426fcd82d35f834e2,nan
richie-halford_adam,Adam Richie-Halford,richford,,,US,"2,5",870eb55181fbfc5a2f021f0f2e472267,nan
riekert_fanie,Fanie Riekert,fanie-riekert,,,ZA,2,1f85322971938d190dcf97d233094777,0000-0003-4976-9569
riemer_kristina,Kristina Riemer,KristinaRiemer,KristinaRiemer,http://reamy316.wix.com/kristinariemer,US,"2,5",cfdec4c8323f42cc14120d750d876482,0000-0003-3802-3331
ritchie_scott,Scott Ritchie,sritchie73,sritchie73,,AU,"2,5",975bb725806c9ed72b7dd5253b5d8e96,0000-0002-8454-9548
rivaldi_chissa,Chissa Rivaldi,crivaldi,powerofcheez,,US,2,e14c26bf4f90a75cd6cfe852ba602a44,nan
robinson_james,James Robinson,jpwrobinson,jamespwr,http://jpwrobinson.wordpress.com,GB,"2,5",f5147eb7f2a03d32b955e171cd6788dd,nan
rokem_ariel,Ariel Rokem,arokem,arokem,http://arokem.org,US,"2,4,5,7",005984539a2affe10d5af3aa55665636,nan
rosenfield_philip,Philip Rosenfield,philrosenfield,philrosenfield,https://philrosenfield.github.io,US,2,9028e66bee3a7261b7b37f096ee89102,0000-0001-9306-6049
rowell_william,William Rowell,williamrowell,nothingclever,http://wjrowell.info,US,"2,5",860c43c4f8fb36f71342e9257cd05671,0000-0002-7422-1194
salmon_maëlle,Maëlle Salmon,maelle,ma_salmon,http://www.masalmon.eu/,US,5,5497c2e9559ac31a5696c0e4f2658da0,0000-0002-2815-0399
sanchez_andrew,Andrew Sanchez,andrewsanchez,informandrew,,US,2,b9287ab1d20bb1fafb449475fa0c96a1,nan
sandmann_thomas,Thomas Sandmann,tomsing1,thomas_sandmann,https://www.linkedin.com/in/thomas-sandmann/,US,5,654fbbcbd233ca419105f46783ea1512,0000-0002-6601-8890
sane_maneesha,Maneesha Sane,maneesha,maneeshasane,https://www.maneeshasane.com,US,"2,5,6,7",8d854c1110e39b647849656f9c6c6bfb,0000-0003-0726-5696
sauze_colin,Colin Sauze,colinsauze,,http://users.aber.ac.uk/cos,GB,2,4cec318bff53359bbfde6f188b192698,0000-0001-5368-9217
schmeier_sebastian,Sebastian Schmeier,sschmeier,sschmeier,http://sschmeier.com,NZ,"2,5",72718fe58ebf4051be1ff1227390e43e,0000-0002-3947-8226
schürch_anita,Anita Schürch,aschuerch,AnitaSchurch,https://aschuerch.github.io/,NL,"2,6,7",6b60fc3b19ef8560b9a5aeb9277f03b0,0000-0003-1894-7545
seah_yee mey,Yee Mey Seah,yeemey,,,US,2,ee0e879192508dbba135fb929d2407b4,nan
seok_brian,Brian Seok,mondorescue,,,US,"2,6",b6415a60ac092f9e17206bf595327333,0000-0002-4513-3224
severini_horst,Horst Severini,hseverini,,,US,2,797f9c37ad10773a920066c6d2b31b94,0000-0003-3316-846X
seyffert_albertus,Albertus Seyffert,aseyffert,Tjips_,,ZA,"2,5",a14009e375d57e3fcdc323ad0225f3f0,0000-0002-2033-2999
shende_sunil,Sunil Shende,sshende,,http://shende.camden.rutgers.edu,US,2,f4ca58b43a44bf47430923c7fc24c624,0000-0003-4336-5336
sherman_jason,Jason Sherman,jsnshrmn,,,US,2,d942f2655e8ddb12bedaa39bca6d0d6e,nan
shkurti_ardita,Ardita Shkurti,ashkurti,,,GB,2,1991a0ff8af0c5688001b455fbe1dcef,nan
shriwise_patrick,Patrick Shriwise,pshriwise,pshriwise,http://pshriwise.github.io/,US,2,d2b481d419971a3e6fc0c2f04d4629bc,nan
silva_raniere,Raniere Silva,rgaiacs,rgaiacs,http://rgaiacs.com,GB,"2,5",e0154d2e6ab558cc54667c43de50e11e,nan
simpson_john,John Simpson,symulation,@symulation,,CA,"2,5,7",ca53f56a68c6b7c2134e4cddd6530efd,nan
sloggett_clare,Clare Sloggett,claresloggett,claresloggett,,AU,"2,5",01dee82040f0f58b8e0bafd671c0faeb,nan
smart_laura,Laura Smart,ljsmart,infod1va,http://ljsmart.net,US,5,0355c4440bf0a73a51cfeed992eaadd4,0000-0001-6885-721X
smith_byron,Byron Smith,bsmith89,ByronJSmith,http://byronjsmith.com,US,"2,5",2726881822963aebfdcd520b9c61f79f,0000-0002-0182-404X
smith_joshua,Joshua Smith,jrsmith3,joshua_r_smith,http://jrsmith3.github.io,US,2,2bdc302840ae944b2376dfdc0ea5314d,0000-0002-3137-7180
soranzo_nicola,Nicola Soranzo,nsoranzo,NicolaSoranzo,,GB,2,e828a89c35f492d76e322bf899585d5d,0000-0003-3627-5340
sosa_omar,Omar Sosa,juliososa,,,BR,5,a67af90fbfa1fe3e28c898037c8876f0,nan
st-onge_pier-luc,Pier-Luc St-Onge,plstonge,,,CA,"2,5",46c1fce3ad24636e1960a9843f29ae1a,nan
stachelek_joseph,Joseph Stachelek,jsta,__jsta,http://jsta.rbind.io,US,"2,5",2ed6670a4cede72dc4735093dba661f4,0000-0002-5924-2464
stacy_mark,Mark Stacy,mbstacy,mbstacy,,US,"2,5",7166a0f866b7ee7fbd26a4d0249c0f13,nan
stapleton_jim,Jim Stapleton,jstapleton,stapletonja,,US,2,795367e9ec2934fd185ad0e23cc3445b,0000-0003-1133-4180
steele_joshua,Joshua Steele,joshsteele,steele_joshua,,US,5,e53a930978cb2205d298fa863d667f7f,0000-0001-8023-8956
steen_andrew,Andrew Steen,adsteen,@drdrewsteen,http://adsteen.github.io,US,2,ee19006cc6ee8bf3a2cb94434fd5844a,0000-0003-4297-4332
steeves_vicky,Vicky Steeves,VickySteeves,VickySteeves,https://vickysteeves.com,US,2,df91d711627755862d5162acdefa5f42,0000-0003-4298-168X
steinbach_peter,Peter Steinbach,psteinb,,,DE,"2,5",59b13035bc48cc84e67515037be1fcec,0000-0002-4974-230X
steltenpool_ruud,Ruud Steltenpool,steltenpower,steltenpower,,NL,5,976bdaad7d67fec97999c9776b3d74ea,nan
stimberg_marcel,Marcel Stimberg,mstimberg,marcelstimberg,,FR,2,738785e4f558efa34a67fa5b02118f24,0000-0002-2648-4790
stueker_oliver,Oliver Stueker,ostueker,,,CA,2,86060041f7ba33f109c99767d4834225,0000-0003-2547-0140
sun_miao,Miao Sun,Cactusolo,Miao_the_Sun,,US,2,801bb74701cac64dec8e3d1c3ae99b5a,0000-0001-5701-0478
supp_sarah,Sarah Supp,sarahsupp,srsupp,http://www.sarahsupp.org,US,"2,5",8eb3e5621db0e222c8ada9f60270c121,0000-0002-0072-029X
taber-thomas_brad,Brad Taber-Thomas,bct737,bct737,http://www.bctthomas.com,US,"2,5",d78a1a5e9aacffda080a1fdb9a6b2d07,nan
takemon_yuka,Yuka Takemon,ytakemon,YukaTakemon,,US,"2,5",081f806e4a8b23aa10245e0c9e1e5dd8,0000-0002-3538-4409
tarkowski_leszek,Leszek Tarkowski,leszektarkowski,L3szek,http://tarkowski.org/,PL,"2,5",cf20b7163075806a8445b3c52c9c78a9,nan
tarvin_rebecca,Rebecca Tarvin,rdtarvin,frogsicles,http://www.rebeccatarvin.com,US,"2,5",27b9c2182c8b774b866cf6d2066508c7,nan
taschuk_morgan,Morgan Taschuk,morgantaschuk,morgantaschuk,,CA,"2,5",7b69cfec7dfd39c133530d52516f49e8,nan
tavares_hugo,Hugo Tavares,tavareshugo,,,GB,5,d658a798e67fbc920ff4d6b1a51e5722,nan
teague_brian,Brian Teague,bpteague,bteague,http://brian.teague.name,US,2,7699d64f85685439ac2312664ea8f6a3,0000-0002-9833-2817
teal_tracy,Tracy Teal,tracykteal,tracykteal,http://idyll.org/~tracyt,US,"2,4,5,7",ce558af37e329e8ff1d620dda13f55ba,0000-0002-9180-9598
teleńczuk_maria,Maria Teleńczuk,maikia,,,FR,2,fa1699e126e4093e31b55f209c669dee,0000-0003-1311-1634
teucher_andy,Andy Teucher,ateucher,andyteucher,,CA,"2,5",a4d028e182fc12dc62f216f967428b84,nan
thomas_gustavo,Gustavo Thomas,gustavothomas17,gustavothomas17,https://gustavothomas17.wixsite.com/contact,AU,5,e0094a5a0b950fc8a0b7c8270e63c3b0,nan
thomson_sam,Sam Thomson,spthm,,,GB,2,3d845c03efb2102d76779eece9dd098d,nan
thöle_florian,Florian Thöle,fthoele,florian_thl,,CH,2,b364ef6b779e759f8294133ff6baf8e4,0000-0001-6006-9876
timbers_tiffany,Tiffany Timbers,ttimbers,TiffanyTimbers,http://tiffany Timbers.com,CA,"2,5",06bd543fd9983546d3303b992e484783,nan
tocknell_james,James Tocknell,aragilar,,,AU,2,fd3eeaed558a0e6efb54d0cb03b6b14f,0000-0001-6637-6922
todd-brown_kathe,Kathe Todd-Brown,ktoddbrown,KatheMathBio,,US,"2,5",e20a0cfbee36ff783541d40cf4f9c9d6,0000-0002-3109-8130
tomlinson_chris,Chris Tomlinson,hawkenbury,ElBurroSinNom,http://www.imperial.ac.uk/people/chris.tomlinson,GB,2,38ac02841ed6b59b02a59b603f31ed21,0000-0002-8634-6111
trautt_zachary,Zachary Trautt,ztrautt,,,US,2,762e194361f7cc47de62b3eb43f11e5e,0000-0001-5929-0354
tröndle_tim,Tim Tröndle,timtroendle,timtroendle,,CH,2,020d3adb6bc9ca450217f451fbcb87fa,0000-0002-3734-8284
turek_daniel,Daniel Turek,danielturek,,http://danielturek.weebly.com,US,"2,5",b0dd681e00264342acf78ed785ceacf6,0000-0002-1453-1908
turner_keith,Keith Turner,khturner,,,US,5,8c37e0fe9a922ac1c216771b2f9df2fe,nan
tylén_kristian,Kristian Tylén,kristiantylen,,,DK,2,3b44ceb0fd456ed742b6420859321911,nan
umashankar_shivshankar,Shivshankar Umashankar,shiva1387,shivumashankar,http://sg.linkedin.com/in/shivshankarumashankar,SG,5,fa61544b61adb9658799d69c1b8e5fbf,0000-0001-7478-1194
vahtras_olav,Olav Vahtras,vahtras,olavvahtras,http://kth.se/profile/vahtras,SE,"2,5,6",bae071c422692a042862b5b23712c915,0000-0002-9123-8174
vaidya_gaurav,Gaurav Vaidya,gaurav,mrvaidya,http://www.ggvaidya.com/,US,5,ef10e56567f5d6e20bc3f7f4ab4e3254,0000-0003-0587-0454
valls guimera_roman,Roman Valls Guimera,brainstorm,braincode,http://blogs.nopcode.org/brainstorm,SE,"2,5",840a3abaf67e9fef8c58225d2e20608a,nan
van der linde_ian,Ian van der Linde,Ianvdl,,,ZA,2,76f0dda0e9d5941b83dde2a93503e3dc,0000-0001-9232-9599
van der walt_anelda,Anelda van der Walt,anelda,aneldavdw,http://www.talarify.co.za,ZA,"2,5,7",840ef932b07a47d434840f610d74f5c1,0000-0003-4245-8119
van hoey_stijn,Stijn Van Hoey,stijnvanhoey,@SVanHoey,,BE,5,03a1593062c268d8e0a73bbbe585b53f,0000-0001-6413-3185
vanichkina_darya,Darya Vanichkina,dvanic,dvanichkina,http://daryavanichkina.com,AU,"2,5",952b4a120e542719f69f5d677e822920,0000-0002-0406-164X
villas boas_ana beatriz (bia),Ana Beatriz (Bia) Villas Boas,biavillas,,https://scripps.ucsd.edu/profiles/avillasboas,US,2,b272aeed4b8710aaf11f8354110c08db,0000-0001-6767-6556
voter_carolyn,Carolyn Voter,cvoter,VoteWater,http://carolynbvoter.weebly.com,US,2,ea0d1e1c4a67b5a7fe4832dd955183a2,0000-0002-4023-7390
wake_leanne,Leanne Wake,lmwake,I_SEA_Sci,,GB,2,4444a0d19ecfdc42407b1e2efb7ec984,0000-0003-1531-6473
walker_andrew,Andrew Walker,andreww,,http://homepages.see.leeds.ac.uk/~earawa,GB,"2,4,5",8e582754cf24c469a5f46cbb2a46ac5d,0000-0003-3121-3255
walker_dawn,Dawn Walker,dcwalk,dcwalk_,http://dcwalker.ca,CA,2,8ed0c993f69ba3d9c28bfdf45a706633,nan
warren_dan,Dan Warren,danlwarren,danlwarren,,DE,"2,5",8be94e51ac3d8f76baa6ccd7a66b758c,nan
weaver_belinda,Belinda Weaver,weaverbel,cloudaus,,AU,"2,5,7",ef6a9db95b0b77c5ac6017a6007aee68,0000-0002-6156-7997
weber_lukas,Lukas Weber,lmweber,lmwebr,,CH,"2,5",1bb2d689a02262125b624c7a3d0e9d98,0000-0002-3282-1730
wheelhouse_mark,Mark Wheelhouse,MarkWheelhouse,WheelhouseMark,http://www.doc.ic.ac.uk/~mjw03/PersonalWebpage/home.html,GB,2,9dd7e496224ac3b8a451899d3a2bb475,0000-0001-8548-2122
white_ethan,Ethan White,ethanwhite,ethanwhite,http://ethanwhite.org,US,"1,2,4,5",748a95dc2ca39681e7e32d9a3d97558c,0000-0001-6728-7745
white_easton,Easton White,erwhite1,eastonrwhite,https://eastonwhite.wordpress.com/,US,"2,5",9499f2ebb381684f3097479f8c717119,nan
white_samuel,Samuel White,kubu4,@kubu4,,US,2,b1d570e85e083d2ec309a8c9c52be255,nan
wickes_elizabeth,Elizabeth Wickes,elliewix,elliewix,https://elizabethwickes.com/,US,"5,7",443e629d9d2890912abbe88062b53d47,0000-0003-0487-4437
wikfeldt_thor,Thor Wikfeldt,wikfeldt,@ktwikfeldt,,SE,2,a00fd1092d72b0cc58f776d965488429,nan
williams_jason,Jason Williams,JasonJWilliamsNY,jasonwilliamsny,,US,"2,3,5,7",5c8ac2f15c026f2fab3e5486f223fd52,0000-0003-3049-2010
williams_lynne,Lynne Williams,LJWilliams,,http://ljwilliams@github.io,CA,"2,5",6197973bf20503dd0ea9fdb11c0fc4d1,0000-0001-6790-1362
williams_mita,Mita Williams,copystar,copystar,https://www.aedileworks.com/,CA,5,6c65e60169eb6dc1a5b7b48407a10db4,0000-0001-7816-6965
williams_elizabeth,Elizabeth Williams,elizabethwilliams8,,,US,7,9d996b34ffab487731bedc3bc245ef01,nan
williams_jonny,Jonny Williams,jonnyhtw,jonnyhtw,http://jonnyhtw.weebly.com,NZ,2,ee9cde3a6c5c2ecded2d85869825e954,0000-0002-0680-0098
williamson_evan,Evan Williamson,evanwill,EvanPeterWill,https://evanwill.github.io/,US,2,7d8f0a7b7fff45c822f0730821dce024,0000-0002-7990-9924
wilson_greg,Greg Wilson,gvwilson,gvwilson,http://third-bit.com,CA,"1,2,4,7",79cb50191709dae232fe47f5ebf464f1,0000-0001-8659-8979
wilson_paul,Paul Wilson,gonuke,gonuke,http://cnerg.github.com,US,"3,4,5",e33a31f84c18ce760b9849d21e100504,0000-0002-8555-4410
winston_donny,Donny Winston,dwinston,,,US,"2,5",ad293c58bf27bdd369c00d16e3c9a5bf,0000-0002-8424-0604
word_karen,Karen Word,karenword,,,US,7,6d20f647a4bbf5398730072107674229,nan
wright_april,April Wright,wrightaprilm,wrightingapril,https://paleantology.com/,US,"2,5,6",13221c13edadbaf0474a486444c912c5,nan
yakobovitch_david,David Yakobovitch,davidyakobovitch,davidyako,https://www.linkedin.com/in/davidyakobovitch,US,2,9fdc27b5d640c2b0176f0fb41d66185d,nan
yang_fan,Fan Yang,fandemonium,fandabear,http://fandemonium.github.io/,US,"2,5",16fc7ddd5c8a6ad0fc8435947a9aa325,0000-0002-2442-7098
ye_hao,Hao Ye,ha0ye,Hao_and_Y,,US,2,84e5a882e9b96ad607f5813370428217,0000-0002-8630-1458
youngflesh_casey,Casey Youngflesh,caseyyoungflesh,caseyyoungflesh,http://www.caseyyoungflesh.com/,US,2,829e699843e24cebf251b7c37e089f40,0000-0001-6343-3311
zahn_ista,Ista Zahn,izahn,,https://dss.iq.harvard.edu,US,2,cc93d4e3293215b2f89bf1f2f5e0b5b8,nan
zhang_jingchao,Jingchao Zhang,JingchaoZhang,,https://jingchaozhang.github.io/,US,2,d416de679f0f047c71bd4b93946fc93d,0000-0001-5289-6062
zimmerman_naupaka,Naupaka Zimmerman,naupaka,naupakaz,http://naupaka.net,US,"2,5,6,7",a71df398e861c135fee6d0b774d8fe35,0000-0003-2168-6390
zingale_michael,Michael Zingale,zingale,michael_zingale,http://www.astro.sunysb.edu/mzingale/,US,2,4cb90161384eba0f3367e2e3d41b4544,0000-0001-8401-030X
zito_tiziano,Tiziano Zito,otizonaizit,,,DE,2,e68b7f0218786a00cf1e4be5bbcd842e,nan
zonca_andrea,Andrea Zonca,zonca,andreazonca,http://zonca.github.io,US,"2,5",8a5c2ffebc8a7baa30ee46cbfdbe9d21,nan
zucker_jeremy,Jeremy Zucker,djinnome,djinnome,,US,"2,5",71a6b29325a89b9b9643950bdc32a97c,0000-0002-7276-9009
